[
   {"state": "Telangana", "district": "Adilabad", "lat": 19.6633, "lon": 78.5320},
{"state": "Telangana", "district": "Bhadradri Kothagudem", "lat": 17.5535, "lon": 80.6185},
{"state": "Telangana", "district": "Hyderabad", "lat": 17.3850, "lon": 78.4867},
{"state": "Telangana", "district": "Jagtial", "lat": 18.7949, "lon": 78.9120},
{"state": "Telangana", "district": "Jangaon", "lat": 17.7260, "lon": 79.1521},
{"state": "Telangana", "district": "Jayashankar Bhupalpally", "lat": 18.4550, "lon": 79.8530},
{"state": "Telangana", "district": "Jogulamba Gadwal", "lat": 16.2300, "lon": 77.8000},
{"state": "Telangana", "district": "Kamareddy", "lat": 18.3254, "lon": 78.3410},
{"state": "Telangana", "district": "Karimnagar", "lat": 18.4386, "lon": 79.1288},
{"state": "Telangana", "district": "Khammam", "lat": 17.2473, "lon": 80.1514},
{"state": "Telangana", "district": "Kumuram Bheem", "lat": 19.3763, "lon": 79.4890},
{"state": "Telangana", "district": "Mahabubabad", "lat": 17.5973, "lon": 80.0023},
{"state": "Telangana", "district": "Mahbubnagar", "lat": 16.7480, "lon": 78.0036},
{"state": "Telangana", "district": "Mancherial", "lat": 18.8714, "lon": 79.4431},
{"state": "Telangana", "district": "Medak", "lat": 18.0460, "lon": 78.2600},
{"state": "Telangana", "district": "Medchal–Malkajgiri", "lat": 17.5060, "lon": 78.5490},
{"state": "Telangana", "district": "Mulugu", "lat": 18.1950, "lon": 80.2250},
{"state": "Telangana", "district": "Nagarkurnool", "lat": 16.4820, "lon": 78.3090},
{"state": "Telangana", "district": "Nalgonda", "lat": 17.0575, "lon": 79.2680},
{"state": "Telangana", "district": "Nirmal", "lat": 19.0962, "lon": 78.3442},
{"state": "Telangana", "district": "Nizamabad", "lat": 18.6731, "lon": 78.0995},
{"state": "Telangana", "district": "Peddapalli", "lat": 18.6157, "lon": 79.3747},
{"state": "Telangana", "district": "Rajanna Sircilla", "lat": 18.3880, "lon": 78.8105},
{"state": "Telangana", "district": "Rangareddy", "lat": 17.3940, "lon": 78.1300},
{"state": "Telangana", "district": "Sangareddy", "lat": 17.6240, "lon": 78.0860},
{"state": "Telangana", "district": "Siddipet", "lat": 18.1010, "lon": 78.8520},
{"state": "Telangana", "district": "Suryapet", "lat": 17.1467, "lon": 79.6230},
{"state": "Telangana", "district": "Vikarabad", "lat": 17.3381, "lon": 77.9048},
{"state": "Telangana", "district": "Wanaparthy", "lat": 16.3670, "lon": 78.0622},
{"state": "Telangana", "district": "Warangal", "lat": 17.9689, "lon": 79.5941},
{"state": "Telangana", "district": "Hanamkonda", "lat": 18.0070, "lon": 79.5580},
{"state": "Telangana", "district": "Yadadri Bhuvanagiri", "lat": 17.2814, "lon": 78.9494},
{"state": "Andhra Pradesh", "district": "Anakapalli", "lat": 17.8370, "lon": 83.0030},
{"state": "Andhra Pradesh", "district": "Anantapur", "lat": 14.6819, "lon": 77.6006},
{"state": "Andhra Pradesh", "district": "Annamayya", "lat": 14.4714, "lon": 78.8242},
{"state": "Andhra Pradesh", "district": "Bapatla", "lat": 15.9040, "lon": 80.4670},
{"state": "Andhra Pradesh", "district": "Chittoor", "lat": 13.2172, "lon": 79.1003},
{"state": "Andhra Pradesh", "district": "East Godavari", "lat": 16.9891, "lon": 82.2475},
{"state": "Andhra Pradesh", "district": "Eluru", "lat": 16.7107, "lon": 81.1004},
{"state": "Andhra Pradesh", "district": "Guntur", "lat": 16.3067, "lon": 80.4365},
{"state": "Andhra Pradesh", "district": "Kakinada", "lat": 16.9891, "lon": 82.2475},
{"state": "Andhra Pradesh", "district": "Konaseema", "lat": 16.6600, "lon": 82.0150},
{"state": "Andhra Pradesh", "district": "Krishna", "lat": 16.5062, "lon": 80.6480},
{"state": "Andhra Pradesh", "district": "Kurnool", "lat": 15.8281, "lon": 78.0373},
{"state": "Andhra Pradesh", "district": "Nandyal", "lat": 15.4786, "lon": 78.4831},
{"state": "Andhra Pradesh", "district": "Nellore", "lat": 14.4426, "lon": 79.9865},
{"state": "Andhra Pradesh", "district": "NTR", "lat": 16.5062, "lon": 80.6480},
{"state": "Andhra Pradesh", "district": "Palnadu", "lat": 16.2320, "lon": 80.0000},
{"state": "Andhra Pradesh", "district": "Parvathipuram Manyam", "lat": 18.7830, "lon": 83.4250},
{"state": "Andhra Pradesh", "district": "Prakasam", "lat": 15.5057, "lon": 80.0499},
{"state": "Andhra Pradesh", "district": "Srikakulam", "lat": 18.2969, "lon": 83.8966},
{"state": "Andhra Pradesh", "district": "Sri Sathya Sai", "lat": 14.6730, "lon": 77.6070},
{"state": "Andhra Pradesh", "district": "Tirupati", "lat": 13.6288, "lon": 79.4192},
{"state": "Andhra Pradesh", "district": "Visakhapatnam", "lat": 17.6868, "lon": 83.2185},
{"state": "Andhra Pradesh", "district": "Vizianagaram", "lat": 18.1150, "lon": 83.4100},
{"state": "Andhra Pradesh", "district": "West Godavari", "lat": 16.7107, "lon": 81.0952},
{"state": "Andhra Pradesh", "district": "YSR Kadapa", "lat": 14.4673, "lon": 78.8242},
{"state": "Karnataka", "district": "Bagalkot", "lat": 16.1867, "lon": 75.6961},
{"state": "Karnataka", "district": "Ballari", "lat": 15.1394, "lon": 76.9214},
{"state": "Karnataka", "district": "Belagavi", "lat": 15.8497, "lon": 74.4977},
{"state": "Karnataka", "district": "Bengaluru Rural", "lat": 13.1979, "lon": 77.7066},
{"state": "Karnataka", "district": "Bengaluru Urban", "lat": 12.9716, "lon": 77.5946},
{"state": "Karnataka", "district": "Bidar", "lat": 17.9149, "lon": 77.5040},
{"state": "Karnataka", "district": "Chamarajanagar", "lat": 11.9262, "lon": 76.9437},
{"state": "Karnataka", "district": "Chikkaballapur", "lat": 13.4355, "lon": 77.7315},
{"state": "Karnataka", "district": "Chikkamagaluru", "lat": 13.3161, "lon": 75.7720},
{"state": "Karnataka", "district": "Chitradurga", "lat": 14.2300, "lon": 76.4000},
{"state": "Karnataka", "district": "Dakshina Kannada", "lat": 12.8711, "lon": 74.8496},
{"state": "Karnataka", "district": "Davangere", "lat": 14.4644, "lon": 75.9219},
{"state": "Karnataka", "district": "Dharwad", "lat": 15.4589, "lon": 75.0078},
{"state": "Karnataka", "district": "Gadag", "lat": 15.4296, "lon": 75.6320},
{"state": "Karnataka", "district": "Hassan", "lat": 13.0050, "lon": 76.1028},
{"state": "Karnataka", "district": "Haveri", "lat": 14.8026, "lon": 75.4056},
{"state": "Karnataka", "district": "Kalaburagi", "lat": 17.3297, "lon": 76.8343},
{"state": "Karnataka", "district": "Kodagu", "lat": 12.3375, "lon": 75.8069},
{"state": "Karnataka", "district": "Kolar", "lat": 13.1360, "lon": 78.1317},
{"state": "Karnataka", "district": "Koppal", "lat": 15.3455, "lon": 76.1541},
{"state": "Karnataka", "district": "Mandya", "lat": 12.5231, "lon": 76.8952},
{"state": "Karnataka", "district": "Mysuru", "lat": 12.2958, "lon": 76.6394},
{"state": "Karnataka", "district": "Raichur", "lat": 16.2043, "lon": 77.3617},
{"state": "Karnataka", "district": "Ramanagara", "lat": 12.7234, "lon": 77.2810},
{"state": "Karnataka", "district": "Shivamogga", "lat": 13.9299, "lon": 75.5681},
{"state": "Karnataka", "district": "Tumakuru", "lat": 13.3392, "lon": 77.1135},
{"state": "Karnataka", "district": "Udupi", "lat": 13.3409, "lon": 74.7421},
{"state": "Karnataka", "district": "Uttara Kannada", "lat": 14.6166, "lon": 74.6326},
{"state": "Karnataka", "district": "Vijayapura", "lat": 16.8300, "lon": 75.7100},
{"state": "Karnataka", "district": "Yadgir", "lat": 16.7689, "lon": 77.1400},
{"state": "Karnataka", "district": "Chikkodi", "lat": 16.4500, "lon": 74.6000},
{"state": "Tamil Nadu", "district": "Ariyalur", "lat": 11.1360, "lon": 79.2920},
{"state": "Tamil Nadu", "district": "Chengalpattu", "lat": 12.6819, "lon": 79.9855},
{"state": "Tamil Nadu", "district": "Chennai", "lat": 13.0827, "lon": 80.2707},
{"state": "Tamil Nadu", "district": "Coimbatore", "lat": 11.0168, "lon": 76.9558},
{"state": "Tamil Nadu", "district": "Cuddalore", "lat": 11.7445, "lon": 79.7640},
{"state": "Tamil Nadu", "district": "Dharmapuri", "lat": 12.1306, "lon": 78.1623},
{"state": "Tamil Nadu", "district": "Dindigul", "lat": 10.3670, "lon": 77.9800},
{"state": "Tamil Nadu", "district": "Erode", "lat": 11.3410, "lon": 77.7172},
{"state": "Tamil Nadu", "district": "Kallakurichi", "lat": 11.7333, "lon": 78.9500},
{"state": "Tamil Nadu", "district": "Kanchipuram", "lat": 12.8342, "lon": 79.7036},
{"state": "Tamil Nadu", "district": "Kanyakumari", "lat": 8.0883, "lon": 77.5385},
{"state": "Tamil Nadu", "district": "Karur", "lat": 10.9601, "lon": 78.0766},
{"state": "Tamil Nadu", "district": "Krishnagiri", "lat": 12.5193, "lon": 78.2138},
{"state": "Tamil Nadu", "district": "Madurai", "lat": 9.9252, "lon": 78.1198},
{"state": "Tamil Nadu", "district": "Nagapattinam", "lat": 10.7670, "lon": 79.8447},
{"state": "Tamil Nadu", "district": "Namakkal", "lat": 11.2253, "lon": 78.1670},
{"state": "Tamil Nadu", "district": "Nilgiris", "lat": 11.3525, "lon": 76.5964},
{"state": "Tamil Nadu", "district": "Perambalur", "lat": 11.2333, "lon": 78.8667},
{"state": "Tamil Nadu", "district": "Pudukottai", "lat": 10.3797, "lon": 78.8203},
{"state": "Tamil Nadu", "district": "Ramanathapuram", "lat": 9.3640, "lon": 78.8303},
{"state": "Tamil Nadu", "district": "Ranipet", "lat": 12.9400, "lon": 79.3070},
{"state": "Tamil Nadu", "district": "Salem", "lat": 11.6643, "lon": 78.1460},
{"state": "Tamil Nadu", "district": "Sivaganga", "lat": 9.8475, "lon": 78.4830},
{"state": "Tamil Nadu", "district": "Tenkasi", "lat": 8.9647, "lon": 77.3150},
{"state": "Tamil Nadu", "district": "Thanjavur", "lat": 10.7867, "lon": 79.1390},
{"state": "Tamil Nadu", "district": "Theni", "lat": 10.0105, "lon": 77.4800},
{"state": "Tamil Nadu", "district": "Thiruvallur", "lat": 13.1800, "lon": 79.9667},
{"state": "Tamil Nadu", "district": "Thiruvarur", "lat": 10.7670, "lon": 79.6320},
{"state": "Tamil Nadu", "district": "Thoothukudi", "lat": 8.7642, "lon": 78.1348},
{"state": "Tamil Nadu", "district": "Tiruchirappalli", "lat": 10.7905, "lon": 78.7047},
{"state": "Tamil Nadu", "district": "Tirunelveli", "lat": 8.7282, "lon": 77.7081},
{"state": "Tamil Nadu", "district": "Tirupattur", "lat": 12.4925, "lon": 78.7170},
{"state": "Tamil Nadu", "district": "Tiruppur", "lat": 11.1085, "lon": 77.3411},
{"state": "Tamil Nadu", "district": "Tiruvannamalai", "lat": 12.2253, "lon": 79.0747},
{"state": "Tamil Nadu", "district": "Vellore", "lat": 12.9165, "lon": 79.1325},
{"state": "Tamil Nadu", "district": "Viluppuram", "lat": 11.9446, "lon": 79.4935},
{"state": "Tamil Nadu", "district": "Virudhunagar", "lat": 9.5740, "lon": 77.9575},
{"state": "Maharashtra", "district": "Ahmednagar", "lat": 19.0952, "lon": 74.7496},
{"state": "Maharashtra", "district": "Akola", "lat": 20.7050, "lon": 77.0059},
{"state": "Maharashtra", "district": "Amravati", "lat": 20.9333, "lon": 77.7500},
{"state": "Maharashtra", "district": "Aurangabad", "lat": 19.8762, "lon": 75.3433},
{"state": "Maharashtra", "district": "Beed", "lat": 18.9906, "lon": 75.7605},
{"state": "Maharashtra", "district": "Bhandara", "lat": 21.1800, "lon": 79.5500},
{"state": "Maharashtra", "district": "Buldhana", "lat": 20.5330, "lon": 76.1830},
{"state": "Maharashtra", "district": "Chandrapur", "lat": 19.9540, "lon": 79.2960},
{"state": "Maharashtra", "district": "Dhule", "lat": 20.9040, "lon": 74.7750},
{"state": "Maharashtra", "district": "Gadchiroli", "lat": 20.1000, "lon": 80.0000},
{"state": "Maharashtra", "district": "Gondia", "lat": 21.4575, "lon": 80.1986},
{"state": "Maharashtra", "district": "Hingoli", "lat": 19.7167, "lon": 77.1667},
{"state": "Maharashtra", "district": "Jalgaon", "lat": 21.0077, "lon": 75.5626},
{"state": "Maharashtra", "district": "Jalna", "lat": 19.8417, "lon": 75.8869},
{"state": "Maharashtra", "district": "Kolhapur", "lat": 16.7041, "lon": 74.2390},
{"state": "Maharashtra", "district": "Latur", "lat": 18.4089, "lon": 76.5697},
{"state": "Maharashtra", "district": "Mumbai City", "lat": 18.9300, "lon": 72.8300},
{"state": "Maharashtra", "district": "Mumbai Suburban", "lat": 19.1500, "lon": 72.8500},
{"state": "Maharashtra", "district": "Nagpur", "lat": 21.1458, "lon": 79.0882},
{"state": "Maharashtra", "district": "Nanded", "lat": 19.1526, "lon": 77.3210},
{"state": "Maharashtra", "district": "Nandurbar", "lat": 21.4600, "lon": 74.2000},
{"state": "Maharashtra", "district": "Nashik", "lat": 19.9975, "lon": 73.7898},
{"state": "Maharashtra", "district": "Osmanabad", "lat": 18.1830, "lon": 76.0330},
{"state": "Maharashtra", "district": "Palghar", "lat": 19.7000, "lon": 72.7500},
{"state": "Maharashtra", "district": "Parbhani", "lat": 19.2680, "lon": 76.7700},
{"state": "Maharashtra", "district": "Pune", "lat": 18.5204, "lon": 73.8567},
{"state": "Maharashtra", "district": "Raigad", "lat": 18.3299, "lon": 73.2720},
{"state": "Maharashtra", "district": "Ratnagiri", "lat": 16.9900, "lon": 73.3000},
{"state": "Maharashtra", "district": "Sangli", "lat": 16.8550, "lon": 74.5640},
{"state": "Maharashtra", "district": "Satara", "lat": 17.6800, "lon": 73.9930},
{"state": "Maharashtra", "district": "Sindhudurg", "lat": 16.2000, "lon": 73.5000},
{"state": "Maharashtra", "district": "Solapur", "lat": 17.6599, "lon": 75.9064},
{"state": "Maharashtra", "district": "Thane", "lat": 19.2183, "lon": 72.9781},
{"state": "Maharashtra", "district": "Wardha", "lat": 20.7450, "lon": 78.6020},
{"state": "Maharashtra", "district": "Washim", "lat": 20.1000, "lon": 76.1167},
{"state": "Maharashtra", "district": "Yavatmal", "lat": 20.4000, "lon": 78.1333},
{"state": "Gujarat", "district": "Ahmedabad", "lat": 23.0225, "lon": 72.5714},
{"state": "Gujarat", "district": "Amreli", "lat": 21.5980, "lon": 71.2200},
{"state": "Gujarat", "district": "Anand", "lat": 22.5647, "lon": 72.9289},
{"state": "Gujarat", "district": "Aravalli", "lat": 23.3500, "lon": 73.4000},
{"state": "Gujarat", "district": "Banaskantha", "lat": 24.2500, "lon": 72.4500},
{"state": "Gujarat", "district": "Bharuch", "lat": 21.7050, "lon": 72.9950},
{"state": "Gujarat", "district": "Bhavnagar", "lat": 21.7645, "lon": 72.1519},
{"state": "Gujarat", "district": "Botad", "lat": 22.1667, "lon": 71.6667},
{"state": "Gujarat", "district": "Chhota Udaipur", "lat": 22.4370, "lon": 73.4000},
{"state": "Gujarat", "district": "Dahod", "lat": 22.8400, "lon": 74.2700},
{"state": "Gujarat", "district": "Devbhoomi Dwarka", "lat": 22.2390, "lon": 68.9680},
{"state": "Gujarat", "district": "Gandhinagar", "lat": 23.2156, "lon": 72.6369},
{"state": "Gujarat", "district": "Gir Somnath", "lat": 20.8910, "lon": 70.9620},
{"state": "Gujarat", "district": "Jamnagar", "lat": 22.4707, "lon": 70.0577},
{"state": "Gujarat", "district": "Junagadh", "lat": 21.5222, "lon": 70.4579},
{"state": "Gujarat", "district": "Kheda", "lat": 22.7500, "lon": 72.6833},
{"state": "Gujarat", "district": "Mahisagar", "lat": 23.2200, "lon": 73.2500},
{"state": "Gujarat", "district": "Mehsana", "lat": 23.6000, "lon": 72.4000},
{"state": "Gujarat", "district": "Morbi", "lat": 22.8100, "lon": 70.8200},
{"state": "Gujarat", "district": "Narmada", "lat": 21.8000, "lon": 73.6000},
{"state": "Gujarat", "district": "Navsari", "lat": 20.9467, "lon": 72.9520},
{"state": "Gujarat", "district": "Panchmahal", "lat": 22.7667, "lon": 73.6167},
{"state": "Gujarat", "district": "Patan", "lat": 23.8500, "lon": 72.1167},
{"state": "Gujarat", "district": "Porbandar", "lat": 21.6422, "lon": 69.6096},
{"state": "Gujarat", "district": "Rajkot", "lat": 22.3039, "lon": 70.8022},
{"state": "Gujarat", "district": "Sabarkantha", "lat": 23.7333, "lon": 72.9167},
{"state": "Gujarat", "district": "Surat", "lat": 21.1702, "lon": 72.8311},
{"state": "Gujarat", "district": "Surendranagar", "lat": 22.7333, "lon": 71.6667},
{"state": "Gujarat", "district": "Tapi", "lat": 21.4500, "lon": 73.5000},
{"state": "Gujarat", "district": "Vadodara", "lat": 22.3072, "lon": 73.1812},
{"state": "Gujarat", "district": "Valsad", "lat": 20.6096, "lon": 72.9298},
{"state": "Gujarat", "district": "Aravalli", "lat": 23.3500, "lon": 73.4000},
{"state": "Rajasthan", "district": "Ajmer", "lat": 26.4499, "lon": 74.6399},
{"state": "Rajasthan", "district": "Alwar", "lat": 27.5626, "lon": 76.6255},
{"state": "Rajasthan", "district": "Banswara", "lat": 23.5463, "lon": 74.4438},
{"state": "Rajasthan", "district": "Baran", "lat": 25.7535, "lon": 76.5125},
{"state": "Rajasthan", "district": "Barmer", "lat": 25.7537, "lon": 71.3760},
{"state": "Rajasthan", "district": "Bharatpur", "lat": 27.2170, "lon": 77.4890},
{"state": "Rajasthan", "district": "Bhilwara", "lat": 25.3500, "lon": 74.6350},
{"state": "Rajasthan", "district": "Bikaner", "lat": 28.0229, "lon": 73.3119},
{"state": "Rajasthan", "district": "Bundi", "lat": 25.4478, "lon": 75.6480},
{"state": "Rajasthan", "district": "Chittorgarh", "lat": 24.8865, "lon": 74.6260},
{"state": "Rajasthan", "district": "Churu", "lat": 28.2996, "lon": 74.9679},
{"state": "Rajasthan", "district": "Dausa", "lat": 26.8800, "lon": 76.3200},
{"state": "Rajasthan", "district": "Dholpur", "lat": 26.6990, "lon": 77.8980},
{"state": "Rajasthan", "district": "Dungarpur", "lat": 23.8330, "lon": 73.7150},
{"state": "Rajasthan", "district": "Hanumangarh", "lat": 29.5820, "lon": 74.3300},
{"state": "Rajasthan", "district": "Jaipur", "lat": 26.9124, "lon": 75.7873},
{"state": "Rajasthan", "district": "Jaisalmer", "lat": 26.9157, "lon": 70.9083},
{"state": "Rajasthan", "district": "Jalore", "lat": 25.3450, "lon": 72.6167},
{"state": "Rajasthan", "district": "Jhalawar", "lat": 24.6000, "lon": 76.1667},
{"state": "Rajasthan", "district": "Jhunjhunu", "lat": 28.1240, "lon": 75.3990},
{"state": "Rajasthan", "district": "Jodhpur", "lat": 26.2389, "lon": 73.0243},
{"state": "Rajasthan", "district": "Karauli", "lat": 26.4990, "lon": 77.0100},
{"state": "Rajasthan", "district": "Kota", "lat": 25.2138, "lon": 75.8648},
{"state": "Rajasthan", "district": "Nagaur", "lat": 27.2028, "lon": 73.7377},
{"state": "Rajasthan", "district": "Pali", "lat": 25.7710, "lon": 73.3236},
{"state": "Rajasthan", "district": "Pratapgarh", "lat": 24.0333, "lon": 74.7833},
{"state": "Rajasthan", "district": "Rajsamand", "lat": 25.0620, "lon": 73.8730},
{"state": "Rajasthan", "district": "Sawai Madhopur", "lat": 26.0176, "lon": 76.3421},
{"state": "Rajasthan", "district": "Sikar", "lat": 27.6094, "lon": 75.1399},
{"state": "Rajasthan", "district": "Sirohi", "lat": 24.8869, "lon": 72.8580},
{"state": "Rajasthan", "district": "Tonk", "lat": 26.1660, "lon": 75.7980},
{"state": "Rajasthan", "district": "Udaipur", "lat": 24.5854, "lon": 73.7125},
{"state": "West Bengal", "district": "Alipurduar", "lat": 26.4833, "lon": 89.5667},
{"state": "West Bengal", "district": "Bankura", "lat": 23.2324, "lon": 87.0700},
{"state": "West Bengal", "district": "Birbhum", "lat": 23.9400, "lon": 87.5500},
{"state": "West Bengal", "district": "Cooch Behar", "lat": 26.3160, "lon": 89.4500},
{"state": "West Bengal", "district": "Dakshin Dinajpur", "lat": 25.3600, "lon": 88.6200},
{"state": "West Bengal", "district": "Darjeeling", "lat": 27.0360, "lon": 88.2627},
{"state": "West Bengal", "district": "Hooghly", "lat": 22.9010, "lon": 88.3086},
{"state": "West Bengal", "district": "Howrah", "lat": 22.5958, "lon": 88.2636},
{"state": "West Bengal", "district": "Jalpaiguri", "lat": 26.5200, "lon": 88.7200},
{"state": "West Bengal", "district": "Jhargram", "lat": 22.4500, "lon": 86.9700},
{"state": "West Bengal", "district": "Kalimpong", "lat": 27.0667, "lon": 88.5167},
{"state": "West Bengal", "district": "Kolkata", "lat": 22.5726, "lon": 88.3639},
{"state": "West Bengal", "district": "Malda", "lat": 25.0000, "lon": 88.1500},
{"state": "West Bengal", "district": "Murshidabad", "lat": 24.1750, "lon": 88.2700},
{"state": "West Bengal", "district": "Nadia", "lat": 23.4200, "lon": 88.4300},
{"state": "West Bengal", "district": "North 24 Parganas", "lat": 22.7800, "lon": 88.4100},
{"state": "West Bengal", "district": "Paschim Bardhaman", "lat": 23.5400, "lon": 87.3200},
{"state": "West Bengal", "district": "Paschim Medinipur", "lat": 22.4300, "lon": 87.3200},
{"state": "West Bengal", "district": "Purba Bardhaman", "lat": 23.2500, "lon": 87.8500},
{"state": "West Bengal", "district": "Purba Medinipur", "lat": 22.6500, "lon": 87.7600},
{"state": "West Bengal", "district": "Purulia", "lat": 23.3333, "lon": 86.3667},
{"state": "West Bengal", "district": "South 24 Parganas", "lat": 22.3180, "lon": 88.5000},
{"state": "West Bengal", "district": "Uttar Dinajpur", "lat": 25.6200, "lon": 88.1200},
{"state": "Haryana", "district": "Ambala", "lat": 30.3782, "lon": 76.7767},
{"state": "Haryana", "district": "Bhiwani", "lat": 28.7915, "lon": 76.1350},
{"state": "Haryana", "district": "Charkhi Dadri", "lat": 28.6150, "lon": 76.2700},
{"state": "Haryana", "district": "Faridabad", "lat": 28.4089, "lon": 77.3178},
{"state": "Haryana", "district": "Fatehabad", "lat": 29.5200, "lon": 75.4500},
{"state": "Haryana", "district": "Gurugram", "lat": 28.4595, "lon": 77.0266},
{"state": "Haryana", "district": "Hisar", "lat": 29.1492, "lon": 75.7217},
{"state": "Haryana", "district": "Jhajjar", "lat": 28.6081, "lon": 76.6572},
{"state": "Haryana", "district": "Jind", "lat": 29.3200, "lon": 76.3200},
{"state": "Haryana", "district": "Kaithal", "lat": 29.8050, "lon": 76.4000},
{"state": "Haryana", "district": "Karnal", "lat": 29.6857, "lon": 76.9905},
{"state": "Haryana", "district": "Kurukshetra", "lat": 29.9690, "lon": 76.8783},
{"state": "Haryana", "district": "Mahendragarh", "lat": 28.2800, "lon": 76.1500},
{"state": "Haryana", "district": "Mewat", "lat": 27.9500, "lon": 77.1000},
{"state": "Haryana", "district": "Palwal", "lat": 28.1441, "lon": 77.3328},
{"state": "Haryana", "district": "Panchkula", "lat": 30.6945, "lon": 76.8536},
{"state": "Haryana", "district": "Panipat", "lat": 29.3910, "lon": 76.9635},
{"state": "Haryana", "district": "Rewari", "lat": 28.1893, "lon": 76.6186},
{"state": "Haryana", "district": "Rohtak", "lat": 28.8955, "lon": 76.6066},
{"state": "Haryana", "district": "Sirsa", "lat": 29.5330, "lon": 75.0330},
{"state": "Haryana", "district": "Sonipat", "lat": 28.9940, "lon": 77.0124},
{"state": "Haryana", "district": "Yamunanagar", "lat": 30.1290, "lon": 77.2670},
{"state": "Punjab", "district": "Amritsar", "lat": 31.6340, "lon": 74.8723},
{"state": "Punjab", "district": "Barnala", "lat": 30.3736, "lon": 75.5546},
{"state": "Punjab", "district": "Bathinda", "lat": 30.2110, "lon": 74.9455},
{"state": "Punjab", "district": "Faridkot", "lat": 30.6710, "lon": 74.7540},
{"state": "Punjab", "district": "Fatehgarh Sahib", "lat": 30.6894, "lon": 76.3996},
{"state": "Punjab", "district": "Fazilka", "lat": 30.4030, "lon": 74.0280},
{"state": "Punjab", "district": "Firozpur", "lat": 30.9183, "lon": 74.6136},
{"state": "Punjab", "district": "Gurdaspur", "lat": 32.0410, "lon": 75.4060},
{"state": "Punjab", "district": "Hoshiarpur", "lat": 31.5320, "lon": 75.9110},
{"state": "Punjab", "district": "Jalandhar", "lat": 31.3260, "lon": 75.5762},
{"state": "Punjab", "district": "Kapurthala", "lat": 31.3796, "lon": 75.3811},
{"state": "Punjab", "district": "Ludhiana", "lat": 30.9010, "lon": 75.8573},
{"state": "Punjab", "district": "Mansa", "lat": 29.9973, "lon": 75.4022},
{"state": "Punjab", "district": "Moga", "lat": 30.8160, "lon": 75.1710},
{"state": "Punjab", "district": "Muktsar", "lat": 30.4700, "lon": 74.5180},
{"state": "Punjab", "district": "Patiala", "lat": 30.3398, "lon": 76.3869},
{"state": "Punjab", "district": "Rupnagar", "lat": 30.9655, "lon": 76.5336},
{"state": "Punjab", "district": "Sangrur", "lat": 30.2450, "lon": 75.8433},
{"state": "Punjab", "district": "SAS Nagar", "lat": 30.7046, "lon": 76.7179},
{"state": "Punjab", "district": "Tarn Taran", "lat": 31.4491, "lon": 74.9260},
{"state": "Punjab", "district": "Ferozepur", "lat": 30.9183, "lon": 74.6136},
{"state": "Punjab", "district": "Pathankot", "lat": 32.2658, "lon": 75.6420},
{"state": "Uttar Pradesh", "district": "Agra", "lat": 27.1767, "lon": 78.0081},
{"state": "Uttar Pradesh", "district": "Aligarh", "lat": 27.8974, "lon": 78.0880},
{"state": "Uttar Pradesh", "district": "Ambedkar Nagar", "lat": 26.5470, "lon": 82.5500},
{"state": "Uttar Pradesh", "district": "Amethi", "lat": 26.1632, "lon": 81.8400},
{"state": "Uttar Pradesh", "district": "Amroha", "lat": 28.9190, "lon": 78.4700},
{"state": "Uttar Pradesh", "district": "Auraiya", "lat": 26.6646, "lon": 79.5210},
{"state": "Uttar Pradesh", "district": "Ayodhya", "lat": 26.7971, "lon": 82.2011},
{"state": "Uttar Pradesh", "district": "Azamgarh", "lat": 26.0605, "lon": 83.1859},
{"state": "Uttar Pradesh", "district": "Baghpat", "lat": 28.9390, "lon": 77.1910},
{"state": "Uttar Pradesh", "district": "Bahraich", "lat": 27.5746, "lon": 81.6000},
{"state": "Uttar Pradesh", "district": "Ballia", "lat": 25.7580, "lon": 84.1480},
{"state": "Uttar Pradesh", "district": "Balrampur", "lat": 27.4396, "lon": 82.1833},
{"state": "Uttar Pradesh", "district": "Banda", "lat": 25.4778, "lon": 80.3360},
{"state": "Uttar Pradesh", "district": "Barabanki", "lat": 26.9170, "lon": 81.2000},
{"state": "Uttar Pradesh", "district": "Bareilly", "lat": 28.3670, "lon": 79.4304},
{"state": "Uttar Pradesh", "district": "Basti", "lat": 26.8050, "lon": 82.7811},
{"state": "Uttar Pradesh", "district": "Bhadohi", "lat": 25.5290, "lon": 82.5660},
{"state": "Uttar Pradesh", "district": "Bijnor", "lat": 29.3676, "lon": 78.1350},
{"state": "Uttar Pradesh", "district": "Budaun", "lat": 28.0333, "lon": 79.1167},
{"state": "Uttar Pradesh", "district": "Bulandshahr", "lat": 28.4100, "lon": 77.8480},
{"state": "Uttar Pradesh", "district": "Chandauli", "lat": 25.2667, "lon": 83.2833},
{"state": "Uttar Pradesh", "district": "Chitrakoot", "lat": 25.2090, "lon": 80.9000},
{"state": "Uttar Pradesh", "district": "Deoria", "lat": 26.5130, "lon": 83.7800},
{"state": "Uttar Pradesh", "district": "Etah", "lat": 27.5640, "lon": 78.6690},
{"state": "Uttar Pradesh", "district": "Etawah", "lat": 26.7850, "lon": 79.0210},
{"state": "Uttar Pradesh", "district": "Farrukhabad", "lat": 27.3906, "lon": 79.5920},
{"state": "Uttar Pradesh", "district": "Fatehpur", "lat": 25.9200, "lon": 80.8100},
{"state": "Uttar Pradesh", "district": "Firozabad", "lat": 27.1590, "lon": 78.3940},
{"state": "Uttar Pradesh", "district": "Gautam Buddha Nagar", "lat": 28.4744, "lon": 77.5030},
{"state": "Uttar Pradesh", "district": "Ghaziabad", "lat": 28.6692, "lon": 77.4538},
{"state": "Uttar Pradesh", "district": "Ghazipur", "lat": 25.5833, "lon": 83.5833},
{"state": "Uttar Pradesh", "district": "Gonda", "lat": 27.1340, "lon": 81.9630},
{"state": "Uttar Pradesh", "district": "Gorakhpur", "lat": 26.7606, "lon": 83.3732},
{"state": "Uttar Pradesh", "district": "Hamirpur", "lat": 25.9100, "lon": 80.1500},
{"state": "Uttar Pradesh", "district": "Hapur", "lat": 28.7430, "lon": 77.7620},
{"state": "Uttar Pradesh", "district": "Hardoi", "lat": 27.4000, "lon": 80.1300},
{"state": "Uttar Pradesh", "district": "Hathras", "lat": 27.6000, "lon": 78.0500},
{"state": "Uttar Pradesh", "district": "Jalaun", "lat": 25.9333, "lon": 79.1833},
{"state": "Uttar Pradesh", "district": "Jaunpur", "lat": 25.7460, "lon": 82.6833},
{"state": "Uttar Pradesh", "district": "Jhansi", "lat": 25.4486, "lon": 78.5686},
{"state": "Uttar Pradesh", "district": "Kannauj", "lat": 27.0620, "lon": 79.9180},
{"state": "Uttar Pradesh", "district": "Kanpur Dehat", "lat": 26.3500, "lon": 79.9500},
{"state": "Uttar Pradesh", "district": "Kanpur Nagar", "lat": 26.4499, "lon": 80.3319},
{"state": "Uttar Pradesh", "district": "Kasganj", "lat": 27.7790, "lon": 78.6530},
{"state": "Uttar Pradesh", "district": "Kaushambi", "lat": 25.5330, "lon": 81.2000},
{"state": "Uttar Pradesh", "district": "Kushinagar", "lat": 26.7470, "lon": 83.8890},
{"state": "Uttar Pradesh", "district": "Lakhimpur Kheri", "lat": 27.9167, "lon": 80.8000},
{"state": "Uttar Pradesh", "district": "Lalitpur", "lat": 24.6900, "lon": 78.4000},
{"state": "Uttar Pradesh", "district": "Lucknow", "lat": 26.8467, "lon": 80.9462},
{"state": "Uttar Pradesh", "district": "Maharajganj", "lat": 27.1833, "lon": 83.4167},
{"state": "Uttar Pradesh", "district": "Mahoba", "lat": 25.2833, "lon": 79.8833},
{"state": "Uttar Pradesh", "district": "Mainpuri", "lat": 27.2250, "lon": 79.0200},
{"state": "Uttar Pradesh", "district": "Mathura", "lat": 27.4924, "lon": 77.6737},
{"state": "Uttar Pradesh", "district": "Mau", "lat": 25.9400, "lon": 83.5600},
{"state": "Uttar Pradesh", "district": "Meerut", "lat": 28.9845, "lon": 77.7064},
{"state": "Uttar Pradesh", "district": "Mirzapur", "lat": 25.1450, "lon": 82.5650},
{"state": "Uttar Pradesh", "district": "Moradabad", "lat": 28.8418, "lon": 78.7560},
{"state": "Uttar Pradesh", "district": "Muzaffarnagar", "lat": 29.4700, "lon": 77.7000},
{"state": "Uttar Pradesh", "district": "Pilibhit", "lat": 28.6300, "lon": 79.8100},
{"state": "Uttar Pradesh", "district": "Pratapgarh", "lat": 25.9000, "lon": 81.9900},
{"state": "Uttar Pradesh", "district": "Raebareli", "lat": 26.2300, "lon": 81.2300},
{"state": "Uttar Pradesh", "district": "Rampur", "lat": 28.8167, "lon": 79.0250},
{"state": "Uttar Pradesh", "district": "Saharanpur", "lat": 29.9640, "lon": 77.5460},
{"state": "Uttar Pradesh", "district": "Sambhal", "lat": 28.5740, "lon": 78.5750},
{"state": "Uttar Pradesh", "district": "Sant Kabir Nagar", "lat": 26.7500, "lon": 83.1000},
{"state": "Uttar Pradesh", "district": "Shahjahanpur", "lat": 27.8800, "lon": 79.9050},
{"state": "Uttar Pradesh", "district": "Shamli", "lat": 29.4500, "lon": 77.3000},
{"state": "Uttar Pradesh", "district": "Shravasti", "lat": 27.5000, "lon": 82.0000},
{"state": "Uttar Pradesh", "district": "Siddharthnagar", "lat": 27.1333, "lon": 83.0500},
{"state": "Uttar Pradesh", "district": "Sitapur", "lat": 27.5700, "lon": 80.7000},
{"state": "Uttar Pradesh", "district": "Sultanpur", "lat": 26.2610, "lon": 82.0700},
{"state": "Uttar Pradesh", "district": "Unnao", "lat": 26.5270, "lon": 80.4890},
{"state": "Uttar Pradesh", "district": "Varanasi", "lat": 25.3176, "lon": 82.9739},
{"state": "Madhya Pradesh", "district": "Agar Malwa", "lat": 23.8020, "lon": 76.2300},
{"state": "Madhya Pradesh", "district": "Alirajpur", "lat": 22.3840, "lon": 74.0350},
{"state": "Madhya Pradesh", "district": "Anuppur", "lat": 23.0960, "lon": 81.6830},
{"state": "Madhya Pradesh", "district": "Ashoknagar", "lat": 24.5730, "lon": 77.7360},
{"state": "Madhya Pradesh", "district": "Balaghat", "lat": 21.7850, "lon": 80.1830},
{"state": "Madhya Pradesh", "district": "Barwani", "lat": 22.0360, "lon": 75.1960},
{"state": "Madhya Pradesh", "district": "Betul", "lat": 21.9030, "lon": 77.9040},
{"state": "Madhya Pradesh", "district": "Bhind", "lat": 26.5830, "lon": 78.7830},
{"state": "Madhya Pradesh", "district": "Bhopal", "lat": 23.2599, "lon": 77.4126},
{"state": "Madhya Pradesh", "district": "Burhanpur", "lat": 21.3160, "lon": 76.2300},
{"state": "Madhya Pradesh", "district": "Chhatarpur", "lat": 24.8170, "lon": 79.6000},
{"state": "Madhya Pradesh", "district": "Chhindwara", "lat": 22.0570, "lon": 78.9380},
{"state": "Madhya Pradesh", "district": "Damoh", "lat": 23.8350, "lon": 79.4340},
{"state": "Madhya Pradesh", "district": "Datia", "lat": 25.6500, "lon": 78.5200},
{"state": "Madhya Pradesh", "district": "Dewas", "lat": 22.9670, "lon": 76.0500},
{"state": "Madhya Pradesh", "district": "Dhar", "lat": 22.5950, "lon": 75.0000},
{"state": "Madhya Pradesh", "district": "Dindori", "lat": 22.9500, "lon": 81.1000},
{"state": "Madhya Pradesh", "district": "Guna", "lat": 24.6470, "lon": 77.3180},
{"state": "Madhya Pradesh", "district": "Gwalior", "lat": 26.2183, "lon": 78.1828},
{"state": "Madhya Pradesh", "district": "Harda", "lat": 22.2680, "lon": 77.0500},
{"state": "Madhya Pradesh", "district": "Hoshangabad", "lat": 22.7530, "lon": 77.7200},
{"state": "Madhya Pradesh", "district": "Indore", "lat": 22.7196, "lon": 75.8577},
{"state": "Madhya Pradesh", "district": "Jabalpur", "lat": 23.1815, "lon": 79.9864},
{"state": "Madhya Pradesh", "district": "Jhabua", "lat": 22.7500, "lon": 74.5833},
{"state": "Madhya Pradesh", "district": "Katni", "lat": 24.6300, "lon": 80.8500},
{"state": "Madhya Pradesh", "district": "Khandwa", "lat": 21.8330, "lon": 76.3500},
{"state": "Madhya Pradesh", "district": "Khargone", "lat": 21.8300, "lon": 75.6100},
{"state": "Madhya Pradesh", "district": "Mandla", "lat": 22.6070, "lon": 80.3670},
{"state": "Madhya Pradesh", "district": "Mandsaur", "lat": 24.0770, "lon": 75.0710},
{"state": "Madhya Pradesh", "district": "Morena", "lat": 26.5020, "lon": 78.0030},
{"state": "Madhya Pradesh", "district": "Narsinghpur", "lat": 22.9500, "lon": 79.2000},
{"state": "Madhya Pradesh", "district": "Neemuch", "lat": 24.4730, "lon": 74.8740},
{"state": "Madhya Pradesh", "district": "Panna", "lat": 24.7400, "lon": 80.2200},
{"state": "Madhya Pradesh", "district": "Raisen", "lat": 23.5800, "lon": 77.5600},
{"state": "Madhya Pradesh", "district": "Rajgarh", "lat": 24.1700, "lon": 76.9400},
{"state": "Madhya Pradesh", "district": "Ratlam", "lat": 23.3370, "lon": 75.0340},
{"state": "Madhya Pradesh", "district": "Rewa", "lat": 24.5360, "lon": 81.3030},
{"state": "Madhya Pradesh", "district": "Sagar", "lat": 23.8380, "lon": 78.7370},
{"state": "Madhya Pradesh", "district": "Satna", "lat": 24.6000, "lon": 80.8200},
{"state": "Madhya Pradesh", "district": "Sehore", "lat": 23.2000, "lon": 77.0830},
{"state": "Madhya Pradesh", "district": "Seoni", "lat": 22.0730, "lon": 79.6800},
{"state": "Madhya Pradesh", "district": "Shahdol", "lat": 23.3000, "lon": 81.3500},
{"state": "Madhya Pradesh", "district": "Shajapur", "lat": 23.4330, "lon": 76.2500},
{"state": "Madhya Pradesh", "district": "Sheopur", "lat": 25.6660, "lon": 76.7000},
{"state": "Madhya Pradesh", "district": "Shivpuri", "lat": 25.4200, "lon": 77.6500},
{"state": "Madhya Pradesh", "district": "Sidhi", "lat": 24.4160, "lon": 82.5830},
{"state": "Madhya Pradesh", "district": "Singrauli", "lat": 24.1830, "lon": 82.6830},
{"state": "Madhya Pradesh", "district": "Tikamgarh", "lat": 24.7500, "lon": 78.8330},
{"state": "Madhya Pradesh", "district": "Ujjain", "lat": 23.1828, "lon": 75.7772},
{"state": "Madhya Pradesh", "district": "Umaria", "lat": 23.5250, "lon": 81.1200},
{"state": "Madhya Pradesh", "district": "Vidisha", "lat": 23.5250, "lon": 77.8080},
{"state": "Madhya Pradesh", "district": "Gwalior", "lat": 26.2183, "lon": 78.1828},
{"state": "Maharashtra", "district": "Ahmednagar", "lat": 19.0952, "lon": 74.7496},
{"state": "Maharashtra", "district": "Akola", "lat": 20.7050, "lon": 77.0030},
{"state": "Maharashtra", "district": "Amravati", "lat": 20.9330, "lon": 77.7500},
{"state": "Maharashtra", "district": "Aurangabad", "lat": 19.8762, "lon": 75.3433},
{"state": "Maharashtra", "district": "Beed", "lat": 18.9900, "lon": 75.7600},
{"state": "Maharashtra", "district": "Bhandara", "lat": 21.1800, "lon": 79.5500},
{"state": "Maharashtra", "district": "Buldhana", "lat": 20.5330, "lon": 76.1830},
{"state": "Maharashtra", "district": "Chandrapur", "lat": 19.9600, "lon": 79.3000},
{"state": "Maharashtra", "district": "Dhule", "lat": 20.9040, "lon": 74.7740},
{"state": "Maharashtra", "district": "Gadchiroli", "lat": 20.1000, "lon": 80.0000},
{"state": "Maharashtra", "district": "Gondia", "lat": 21.4620, "lon": 80.2000},
{"state": "Maharashtra", "district": "Hingoli", "lat": 19.7170, "lon": 77.1500},
{"state": "Maharashtra", "district": "Jalgaon", "lat": 21.0077, "lon": 75.5626},
{"state": "Maharashtra", "district": "Jalna", "lat": 19.8410, "lon": 75.8860},
{"state": "Maharashtra", "district": "Kolhapur", "lat": 16.7040, "lon": 74.2433},
{"state": "Maharashtra", "district": "Latur", "lat": 18.4081, "lon": 76.5673},
{"state": "Maharashtra", "district": "Mumbai City", "lat": 19.0760, "lon": 72.8777},
{"state": "Maharashtra", "district": "Mumbai Suburban", "lat": 19.2183, "lon": 72.9781},
{"state": "Maharashtra", "district": "Nagpur", "lat": 21.1458, "lon": 79.0882},
{"state": "Maharashtra", "district": "Nanded", "lat": 19.1526, "lon": 77.3210},
{"state": "Maharashtra", "district": "Nandurbar", "lat": 21.3721, "lon": 74.1253},
{"state": "Maharashtra", "district": "Nashik", "lat": 19.9975, "lon": 73.7898},
{"state": "Maharashtra", "district": "Osmanabad", "lat": 18.1820, "lon": 76.0430},
{"state": "Maharashtra", "district": "Palghar", "lat": 19.7000, "lon": 72.7500},
{"state": "Maharashtra", "district": "Parbhani", "lat": 19.2680, "lon": 76.7720},
{"state": "Maharashtra", "district": "Pune", "lat": 18.5204, "lon": 73.8567},
{"state": "Maharashtra", "district": "Raigad", "lat": 18.3100, "lon": 73.1800},
{"state": "Maharashtra", "district": "Ratnagiri", "lat": 16.9900, "lon": 73.3000},
{"state": "Maharashtra", "district": "Sangli", "lat": 16.8550, "lon": 74.5640},
{"state": "Maharashtra", "district": "Satara", "lat": 17.6800, "lon": 73.9900},
{"state": "Maharashtra", "district": "Sindhudurg", "lat": 15.8400, "lon": 73.8400},
{"state": "Maharashtra", "district": "Solapur", "lat": 17.6599, "lon": 75.9064},
{"state": "Maharashtra", "district": "Thane", "lat": 19.2183, "lon": 73.0440},
{"state": "Maharashtra", "district": "Wardha", "lat": 20.7450, "lon": 78.6020},
{"state": "Maharashtra", "district": "Washim", "lat": 20.1000, "lon": 77.1000},
{"state": "Maharashtra", "district": "Yavatmal", "lat": 20.4000, "lon": 78.1200}
]
  